,name,date,reviews
0,Suraj Gupta,20 May 2020,"I'm a full time Developer and I needed a bigger screen because staring at small texts all day long on a 15inch screen is not good enough and it strains my eyes.Earlier i was considering 24inch of the same model but the price difference was of 4k INR and i did not find it worth but still i had doubts in my mind that whether i made a mistake or what. But once i got this product and i set it up, I'm telling you guyz, it is just awesome and for programmers I don't think that 4k is worth. That 2 inch difference is not something that you could notice. Infact, after using this 22 inch monitor, i think 1080 is the best resolution, and going 24 or 27 is overkill and you could see the pixels in the screen. So, if you are buying a FHD monitor, 22 inch is the best size you should go for, 24 and 27 inch is best for 1440 resolution.Not only for programmers, if you a media consumer then this is a great choice at this price.You should go for this product."
1,RAJAT,1 July 2020,"Pixelated text and fonts cause headache while working or browsing. The system settings and menu is also pixelated, so it's not the issue with specific operating system. I tried connecting with windows, linux and Mac but pixelated overall appearance in all. HD videos appear good, without issues but I mostly work with text while coding and browsing, so it's waste of money for me. I trusted LG after reading lot of good reviews but no-one pointed this pixelation and blurry text/fonts issue. I hope my review helps others to make informed choice"
2,Bhavna Shetty,19 June 2020,I was misguided to buy it saying it's made in india. Once I received it I got to know its actual china made. Had it keep it as it was not returnable.  Amazon please mention where the product is made.
3,Vaibhav,14 February 2021,"The overall picture quality is quite good. Look and feel of the monitor is also good. It has a good level of brightness and contrast range. I use it for my job and spend more than 10 hours per day using it. But I don't feel any strain on my eyes. The height of the stand is perfect for me.However, there are two issues:1. There is some light bleeding (see photo)2. Speaker quality is very badAlthough I didn't expect the speakers to be of great quality, it still disappointed me for how bad they sound.But it has an audio port, so it should be ok. I haven't tried the audio port sound though.If you are ok with these two issues, you can go ahead with this one."
4,Rohit Kulegi,30 May 2020,"I just bought this monitor, and I know that this can run at 75hz of refresh rate, so I changed the refresh rate to the 75hz, and then I saw these wired green lines and screen trearing thing this only happened when I am running the monitor in 75hz settings, and when I dropped the refresh rate to again 60hz it becomes normal, and there will be no issues then, I am using it with my i3, 8th gen Lenovo Laptop with no dedicated GPU. I don't know why this is happening, maybe my monitor has some issues, if anyone is facing the same issue, please reply or otherwise I have to replace this one."
5,Tj,4 July 2021,"The MRP as per the product detail is Rs.18,000. The MRP affixed on the carton of the monitor is Rs.13,900. which is less the price actually charged in the website Rs.13,999. The Snap of MRP sticker on the carton of the monitor is attached."
6,Kaushik Sajjan Agarwal,17 January 2021,"I had done quite a research before I bought this monitor and if you believe me this is the best monitor in this price range...Cost varies from 11K to 11.5K, features and design are obviously mentioned in the product description and each of them stands true.The speakers are good. I checked and there is no backlight bleed in my monitor...The look kills it and it's worth every penny you buy it for..."
7,SYED WASEEM AHMED,27 October 2020,Colors are very accurate!I can also adjust the sharpness which will make things even sharper and clear.:::VERY IMPORTANT NOTE:::To get the best Picture experience you have to change some of the settings. As the factory settings are verybad-Keep the contrast to 50 and brightness to 80 or 90-Keep the BLACK level to LOW OR OFF this will give you a washed out effect if you keep it High don't use it.-Set the Picture Quality to WarmCheck the 2nd pic for more info try to keep it same as mine.
8,Rahul Sethi,9 June 2020,"Its a good monitor which uses IPS panel, so colors are accurate and viewing angle is good. Refresh rate is 75hz, but its 60hz out of the box, you would need to set it up to work at 75hz. I mainly use it as a second screen with my laptop for web development, but have tested games like Call of duty Warzone and CSGO. Sadly, none of them reach 60hz on my laptop. Upgrade from 60hz to 75hz does not feel significant otherwise in day to day computing. If gaming is the only purpose and you have GPU that can push games to 100 FPS or more, then 75hz display will be a bottleneck. Look for 144hz."
9,Ammar,14 January 2021,Backlight bleeding issue worst display
10,Noel B John,17 May 2020,As LG is the main player in the field of displays and this time too I was not disappointed. It is a good monitor for both developers and gamers. We have an option for fine-tuning the settings for the monitor and there is also an out for speakers.
11,Ch.Atchyuth,21 June 2020,Ordered 1st one that have a horrible backlight bleeding and there is a gap between the panel and frame at the bottom right corner got replacement with another one and this have a opening at the top the panel is not glued properly light is leaking from the gaps at the top and this too have a backlight bleeding at top and bottom which is easily noticeable when screen gets dark
12,mitali,8 March 2020,COLOUR ARE TOO GOOD TO LOOK ON THIS MONITOR WITHOUT ANY BACKLIGHT BLEEDING.
13,ANOOP K.,29 January 2021,I have not used it so far but I am giving rating just because it's not 24 inch. It is 21 inch monitor to which company is claiming of 24 inch.
14,Ramchandra Naik,14 October 2020,"My monitor has fog like stains(the monitor is just 3+ month old it had it from start but it was not that visible at the start), and the panel is to be replaced, today is 21st day after I complained to LG service the technician came 2 times 1st time he documented took pictures of the problem and made the request for the panel after 10 days when I called customer service again they gave me 2 phone numbers to call both of them did not pick up even after calling 5+ times, after calling to customer service they sent the same technician to open and take pictures of the panel and now when I called them yesterday(20th day) they said your request is cancelled then they said it's open they said some senior will call me yes they called and said they will coordinate with me and the technician, now its been 24 hours the same thing happened and they are playing possum again, I complained to head of customer service in India or something and registered my grievance online, my lg tv which was not in warranty was repaired just in 2 days paid 5k the monitor is in warranty, this is how LG works carelessness everywhere they wont extend the warantee so u have to just shut up and bear with them even if its your loss"
15,Sarcasm,12 July 2020,I hereby want to declare for the welfare of my fellow amazon customers that this product that I am writing review of comes with free dead pixels and bright pixels however the quantity of each is determined on how lucky you are till now I have replaced one monitor first one had SIX DEAD PIXELS and now to my amazement second one has 4 DEAD PIXELS and 1 BRIGHT PIXEL and 2 STUCK PIXELS so if you are bored in quarantine and have spare time to replace this product repeatedly then please buy.
16,SP,7 March 2021,"If you want a 24 inch IPS display (measure screen diagonally ie. BottomLeft corner to TopRight corner) for entertainment like watching movies and serials etc, graphic work like Photoshop, Lightroom, Illustrator etc and also want to play FPS games (4ms ResponseTime, 1ms MBR, 75hz) like CSGO and PUBG and have a Rs10,000 budget then this is the screen for you.The delivery came in a double carton packaging...when you open a gift box and there is another smaller box inside the gift box..ya this amazon delivery packaging was something like that...the inside box was the original LG carton...i received a factory sealed brand new LG 24"" monitor.. assembled monitor stand, attached power and hdmi cables and changed Monitor Settings Screen Refresh Rate to 75hz (RightClickMouse> ScreenResolution> Advanced settings> Monitor> MonitorSettings ..change.. ScreenRefreshRate to 75Hertz) ..That's it and you are done. (If you using Nvidia then one more setting should be done: Open Nvidia ControlPanel..then under Manage3D Settings, Background Application Max Frame Rate, sellect ON and keep at 75 FPS...this will help screen tearing and playing games will be smooth..also suggest to keep V-Sync ON)If I am asked whether there is anything that I didn't like about the monitor I'll say everything about it is just great and thanks to LG..However if I'm told to find 3 faults on this particular LG monitor and that my life depends on it; then and only then I'd point out these three CONS:1. Even though Stand is wide, grippy and looks to be made of very high quality material and holds screen firmly anchored on the table...the screen is kinda wobbly on a RicketyTable..(like a bobblehead toy-figure on a cars dashboard: the figurine does not move or fall but the head is constantly wobbling) but do not fear my lads the built quality of this LG monitor is made of good quality material and look is SOLID.2. The sound is different..volume is loud and clear but something about it is wierdly different..no equalisers in settings only some MaxxAudio but enabling it made audio kinda hollow sounding so may have to twerk PC software equaliser settings.3. The HDMI cable plugs horizontally at the back so it protrudes defeating the very purpose of slim design and I wonder how someone can wall mount this screen.[Note: If you want to buy screen primarily for gaming CSGO, PUBG etc then suggest you to read difference between TN and IPS panel; TN panels have a better response time while IPS panels have better viewing angles and color reproduction.. my brother went for a 24"" ASUS brand TN panel monitor and it's ResponseTime is 0.5ms having 165hz and the difference in advantage is huge nearly cheating types but the problem is the screen is very dull looking so not much fun while doing graphic work and watching movies etc]"
17,Deepak Kushwaha,3 August 2021,"I did my extensive research and this is one of the Finest 24 inches Monitors out there on Amazon.Design : 9/10Bootup speed : 9/10Features : 9/10Inbuilt audio : 7/10 ( There is no Bass, just like normal computer speakers, but this is what is expected from a monitor)Picture Quality : 9/10 ( Best for an IPS display with Full HD resolution)If you want to buy a monitor bigger than this , go with 4K resolution. With Full HD the max screensize you can look for is 24"" inches.Got this Beauty around 11K.Either watching movie, doing WFH or gaming, It works like a charm.NOTE : Height is not adjustable, you can only tilt the monitor screen as per your viewing angle."
18,Prashant Kuruvilla,15 June 2020,"Using this for office work. It's a great monitor for my purpose.Only problem I see is its ""Made in China"". If I had realised this, I would have opted for something else"
19,DR,4 June 2020,"(EDIT: As many reviewers have noted, there's a dead pixel issue appearing now after 2 months of use. Disappointed as return is no longer possible!)First monitor I've purchased. Extremely happy with it, using it as a secondary display for ease of WFH.Easy to install but feels a bit flimsy on the thin stand. Liked that there are 2 HDMI ports, for multi-purpose use (laptop + Chromecast). The matte screen + multiple screen viewing mode options make it easy on the eyes. Thin bezel is a bonus, picture quality is top notch."
20,Saajan,24 November 2020,"Got the monitor for approx. 6000 during the sale. Replaced once (Details afterwards). Amazon sent me a used monitor, really disappointed at it. Even the invoice of the other person was there in the box.I ordered the 22 inch model because honestly there is no use of having a 24 inch monitor in Full HD resolution, it needs more resolution to get better ppi. The display quality of the monitor is excellent at the price range (even through VGA port). Color reproduction is very good & viewing angles are great too.3-side (top, left & right) bezels are quite thin & the bottom bezel is also of negligible thickness with LG branding. Overall thickness of the monitor is also quite less & aesthetically looks good with the curved stand.Navigating the monitor menu is easy with the joystick button provided at the bottom of the monitor.Now coming to the only flaw this monitor has, which basically is a flaw with the IPS technology. The monitor i received first had some yellow tint on the lower left corner of the screen (& quite negligible on the upper left & right corners) when viewing straight & increased/decreased on changing viewing angles & was only noticeably visible in dark backgrounds or playing games with dark scenes in a dim lit room. After research on the internet i found out that it was 'IPS Glow'. Do not confuse 'IPS Glow' with 'Backlight Bleeding', these are 2 different things. Backlight bleed doesn't change when viewing at an angle.After discussing with Amazon i replaced my monitor in hope of getting a piece with less of the IPS glow, but unfortunately faced the same with the new monitor too.This is the case with all IPS monitors, even high end ones. Low manufacturing quality i would say by all the companies. It's just a gamble that you will get a monitor with less or negligible IPS Glow. You can do things to lessen the effect of IPS glow virtually like, having ambient light around the monitor, low brightness, tilting the monitor as per your seating height or just use the monitor in well lit environment if you can. Moreover, IPS monitors are usually considered best for Multimedia purposes like photo/video editing, for which this monitor is a perfect fit.I use the monitor with my PS4 also & i would say the games look great But if you are a hardcore gamer, go for TN panel monitors. If you are looking for a mid-ground mixture of IPS & TN panel, then go for VA panel monitors.Overall, the monitor is perfect for average users with regular PC work, Multimedia usage, casual gaming (both PC-75hz & PS4-60hz) etc."
21,Nirupam,18 October 2020,"I bough this in June for my WFH and using it since then. I am a software developer and use this with my Macbook Pro, Dell Vostro 3568 and Dell Precision 7540 and even my RaspberryPi.PICTURE QUALITY 3.5/5Picture quality is quite good for watching videos which are crystal clear. It is also quite good with editors in dark theme mode. Great while using VSCode and IntelliJ IDEA in dark mode. But not good at all with text in white background like in browsers. In white background, text is pixelated and you can see pixel dots which can cause headache. Had to change resolution to 1920x1080 manually in Dell 3568 as it defaults to 1366x768 which gave better picture. Other devices were by default in FullHD so no problem. Those who calling it OLED likeis only when you watch videos.COLOR 4/5Color is very good. I didn't have any backlight bleeding. Still I felt black could have been better considering its price. Black is better than Dell 3568 but not so good like Mac or Precision 7540.BRIGHTNESS 5/5Extremely bright. I had to reduce it to just 20.ANTI-GLARE 5/5Matt finish is awesome. No reflection and pain in eyes.DESIGN 2/53 side bezel less design gives an amazing look. Knew it can't be tilted vertically, but this one can hardly be titlted horizontally."
22,Love Animesh Saha,15 October 2021,"You know, amazon service!Sometimes it makes your day, and at times the hell of a nightmare you wouldn't wanna remember again.A story, I'm sharing with you, This happened to me on the day the product arrived. I never thought it would take the shape of the service, I would have never imagined. Trust me, you have to!I received the unit, checked it, was running fine. You know, the happiness remains for short period, same goes here.I started seeing black pictures while switching screens and color gets inaccurate at times. Fine what's the big deal. Amazon backs us, that's what my foolish brain was simulating. When I tried doing replacement. Wow, you hear the toxic words, ""I'm sorry Sir, I'm really sorry"". That's all the their training focuses on. I'm speaking from experience, man!.But after several attempts, it was finally a replacement, even though I wanted to get a refund, cuz I hate the product and service. No they will only allow replacement. Fine!I'll give another try, I convinced my foolish brain. Now when the unit came it the first groundshaking day for me. The Holy Serial Number Verification Mismatch Nightmare. The unit was rejected by delivery boy and he was kind enough to let me take screenshot of his screen. The same repeated again on the second day when the delivery boy lost hope rejected delivery. Cuz he gets 20RS a packet and he would wait for 1hr, he'll lose his income cuz of amazon's great service.Again I tried talking to the amazon agent for resolution, she said another set of scary words ""Don't worry Sir"". Yea I was a person who believes easily, so I believed it. She had arranged for a return, well I thought it'll be picked up like usual. The disaster happened with me again. I was stunned. Called amazon again.I was frightened to hear the same scary words again ""Please don't worry sir"". I knew I'm drowning, so can't  lose hope. So I thought let's try again. Same thing repeated in total 5 times. This is me writing in frustration and making you aware of what amazon service terror looks like for some products.I don't know what'll happen, I've been given a date of 17Oct, 2021 for pickup without any questions asked. I'll update on the same day. Hope my story won't be yours anyday. Ganbatte!!"
23,Sravan teja,30 June 2021,"I bought this product on 25th and recieved it on 28th.delivery was decent.i used it for 3 days and writting my initial impressions.1.Why i bought this monitor?I needed a monitor for my video editing and web development.my main concern was colors and contrast of the display.I could only spend 15000 or less. so i looked for an ips display between 22 and 24 inch.And this was the best option for me.And i am not a gamer so the response time was more than enough gor me.NOTE: if gaming isn't your priority, avoid gaming monitors at all cost. Their colors are very pale and flat.2. What is my experience with it?The monitor is wide enough and stands on the surface decently.It has a little bit of wobble(monitor shakes if surface moved)but not that it bothers you.its minor.The colors are crisp and sharp.looking great while editing.99 percent srgb.great display.3. Color calibration.In the product description it says that this monitor is factory calibrated but it was looking like some low quality TN panel when it came out of box.It took me 20 mins to calibrate the monitor with good colors. after calibration it was looking awesome.You can calibrate as per your needs.here is the settings i use.Brightness 70 percent.Sharpness 40 percentContrast 70 percentGama mode 3Temperature is best at cool. But you can also set it at medium if you are uncomfortable with some extra bluelight.4.Build quality.The monitor is sturdy and robust.white finish was awesome.ports are working fine.i tested it for 2 hours for dead pixels,backlit bleeding,ips glow,pixelization,rendering and resolution.I have to say that it performed decently in every test.few issues.1.Little backlit bleeding on top right.2.ON SCREEN CONTROL is not supporting on this monitor.i downloaded the specific software from LG website allocated for this particular model.But its not supporting.i had to use bottom button for calibration and it took me ages to finish.3.if your are not habbituated with big displays your eyes may hurt a little at early stages but its ok. 2.5 feet distance recommended.4. The stand could have been more stable.5. Bottom bezzel.Most importantly, the bottom bezzel was not glued to the display properly.the screen was going inside while touching on the bottom screen.There is a 0.5cm gap between screen and bottom bezzel.i have to find the nearest lg service center to get it fixed.Other than these issues this is a great monitor at this price.you should definately check it out."
24,Ashutosh,30 October 2020,Wrost products got damage piece and when I call to the customer service they made my replacement request but no one come it's 9 day from the date of odering what a normal person can do for this . This is insane I don't expect this type of service from amazon whenever I call them they say tomorrow the person will come between 7 to 7 I ask for the no. They say he will contact you .no specific time on the return window what can one do they say same thing everytime I call them . Pls amazon it's an humble request help us.
25,Sujith,8 June 2020,Dead pixel on a new monitor is the worst experience
26,Kelvin,21 August 2020,"display quality is good and everything is as u expect it to be but the built quality of the frame and the body is not that goodand the display panel wobbles a lot.I was using a dell fhd tn monitor before this and in comparison the so called ""IPS"" display, colors and the viewing angles are only slightly better.i guess it was my fault for expecting too much because this is my first ips diplay but still. and again as i said the build quality is not what i was expecting from a big brand like LG.The display also has backlight bleeding which is normal for ips monitors to be honest.i got this display for 9000 and in my opinion this display is not worth more than 7000-7500."
27,Aaryan,12 May 2021,"Picture quality is great as colors are nicely calibrated. The speakers are standard and not extraordinary. But as the speakers are downward facing, it enhances the surround effect. Flicker free technology helps in reducing eye strain. The stand is made of metal and is sturdy. There is no backlight bleeding in this unit."
28,Anirban Chanda,27 June 2020,"The media could not be loaded.                   After using it for nearly 15 days here is my review.1. Must say that product is a great value for money product. Serves my purpose of using it as a TV. I have been using Chromecast extensively from the day one.2. It has 2 HDMI ports and a VGA port which is greatly helpful in connecting multiple devices like computer, CCTV monitoring system, Chromecast and even set top box also.3. I personally have a F&D soundbar which I use for this purpose.  3.5 mm audio port works perfectly.4. I am not a gamer and and I use this monitor in entertainment purpose only and I'm more than happy with the picture quality.5.  the packaging could have been better by the seller but the delivery was great."
29,Vasi,18 February 2021,"Bought it to use  both as a work monitor and also for entertainment, the color production is excellent, no led bleeding and it has two 5 watt speakers which are good enough to meet your requirement without creating wire clutter for a set of speakers!  Comes with Vesa mount and two hdmi ports, which are again very useful features."
30,yuge,18 November 2020,"Don't buy this monitor and make a mistake like me. Go for the benq instead.Cons:-1) The text is pixelated even if you are at 2 feet away from monitor.2) Brightness is too high even at 30%. At 0% there is minimal dimming, behaves like 40% brightness of benq monitor. This strains the eyes if you game for prolonged sessions or work in night shifts.3) 75Hz refresh rate is not noticeable like 120 or 144Hz.4) Very high IPS glow.Pros:-1) The color reproduction in this panel is very good compared to my VA gaming monitor.2) No back light bleeding (but the ips glow is always there and it's too high)"
31,sanjay dewangan,16 July 2021,Cheez toh mast hai picture quality bhi badhiya hai .maine isko 7000 mein purchase kiya tha abhi 11000 hai yeh kya bakaiti hai .agar yah price mein bolu toh bhai utne mein 24 inch aajayega . It is not worth more than 8000. Agar yah tak milta hai toh lelo warna offline aram se mil jayega.
32,Auskin,19 June 2020,"Good monitor. Display quality is the best part. Stance is gorgeous. Two HDMI ports is a nice feature as I can switch between two laptops whenever I want without the need to unplug hdmi cable from one and connecting to other. (Note: it comes with only one HDMI cable as expected). Presets of picture modes helpful though there isn't an option to customize over them like on a tv set. For example reader mode is good but feels quite bright and, there is no way I can adjust it. Overall excellent purchase. LG scores very high on displays; be it TV or monitors. Met my expectations. It is a great addition to ease my work from home."
33,Bharath,6 July 2020,"I was looking for a mid range monitor, specifically, did not want to buy a bigger one as i had already one.I was also looking for monitor other than DELL, was got LG.Power cord is very slim and does not occupy much space which helps save space and clean is also easier...Thanks for such a sleek monitor and set was way to easy.Writing review after 15 days of purchase."
34,Saurabh,21 September 2021,Pros:1) Good picture quality2) One single Joystick button for all monitor settings3) LG app to use features i.e split screen4) very good quality power adapter of 5A (while most other have heavy 15A big sockets)5) borderless design6) Okiesh speakers3) 2 HDMI Ports4) Audio out portCons:1) Okiesh speakers2) Only front/ backwards tilt & not up down hight adjustable3) No USB Port4) Does not switch bw HDMI inputs ( in case only one is powered ON)
35,Ria chandra,22 July 2021,"Overall a good monitor. Looks wise the wallpapers and videos looks good with the matte finish surface.Text are clear and blacks are deep not Oled deep but yeah. Borders are thin but not thin like LG 24mp88hv.Stand is sturdy and only vertical tilt adjustment is there. If not satisfied, support for vesa mount is there.No pixel bleeding was seen.Although the setting for 1ms motion blur reduction is not working for me but still no difference as i use it for mostly my office work.Got it for 15,458/-.Speakers are average as expected, no bass if you are expecting that.My rating: 7/10 for this monitor. Worth for your penny."
36,m_hr,15 March 2021,"Meets all my requirement for a monitor for Home and Office use. Good picture and build quality. Good looking too. Its light weight too. The stand is elegant but not sufficient. I never intended to use the stand either. I will get a swivel arm to mount the monitor. Using HDMI, we can set up 1920x1080 at 75 Hz frame refresh rate. HDMI cable included in the box but is not very lengthy for my purpose. It has two HDMI ports. Not sure why. Need to explore that aspect."
37,ARINDAM,6 January 2021,"The package was good but the product was poor quality. Maybe seller is selling only the defective items from LG. The first monitor I got had black spots on the middle of the display but thanks to Amazon, they replaced my monitor with second one, which has BACK LIGHT DIMMING issue on the BOTH LOWER CORNERS of the DISPLAY. Instead of replacing they told me to refund, but after much thinking I thought of keeping that defective item. Now I have to live with it for at least 5 years. :( Awful experience for me!!!If display quality is your primary concern please buy at your own risk."
38,Abhilash K,30 October 2020,"Since all the reviews are clubbed here for the various variants of this monitor, this review is for 22MK600M (Black). This model is one of the most recent models. The screen is good. Has AMD sync (works only with AMD processors not intel). Comes with an HDMI Cable, Power Cord & Table Stand.Note: This variant DOES NOT have the inbuilt LG screen-split software. One can use freeware software of the Windows 10 inbuilt split screen feature should suffice.The build is pretty decent given the price point (personally it felt little weak on the non bezel less ends, but nothing to worry). Screen tilt by certain degrees is possible.Over recommend this monitor given the price point, value for moneyThere are 2 USB ports, VGA port and audio out. It DOES NOT have inbuilt speakers."
39,Kapil Bhagat,23 May 2021,"I am writing this review after using it for more than 3 months. I got it from Amazon at 8300. I don't play games usually so this review doesn't covers that point. I usually use it for web surfing, watching movies and web series, photos n video editing.Pros :Excellent picture quality.Quite durable and build quality is superb.It comes with 2 hdmi ports.Menu button is smartly fitted below screen which is not visible and you can change variety of settings just through one button.Quality of hdmi cable provided is good.Cons:Nothing as such.It would have been better if they had provided 1 USB port.To summarize if you are looking for a good monitor under 10k, you can definitely go for it :)"
40,Bonny,1 September 2021,"The media could not be loaded.                   Just the screen one needs to freely use for several tasks at once without much strain to the eyes. Picture quality is as expected from an LG display unit. Comparatively, a good panel with lower cost and better result. In-built speakers are well-sounding.Using it for about a week now and feel quite satisfied from its usage though one thing that bothered me was the false marketing. The product is showing at ₹18,000/- everywhere whereas the printed MRP is ₹13,900/-. Absolutely disappointed from a brand like LG"
41,Amazon Customer,16 September 2021,"It's a LG 24 inch monitor. I use it solely for working from home. It has some great qualities. Very good picture quality. Sound quality is also very good. The monitor front is in black. The stand is in silver and the back of the laptop is white! Too many colors but then all in whites, doesn't make such a huge difference. I must say it is a heavy product. You need to be careful when moving it around your desk. But has a very tight grip at the bottom so the monitor would be sturdy and because of weight won't move easily around. Has 2 hdmi ports. No usb ports. Overall a good premium product."
42,Penchal,15 August 2021,"It has decent quality build. Speakers are good enough.My requirement was to replace two 19inch monitors with this 24inch monitor. The aspect ratio is not good for split screen usage (4:3 ratio). But, I recommend going for 29/32 inch monitor, if you wish to use split screen with proper aspect ratio for both the screens.In purchased table mount for additional height adjustment for flexibility. It helps in maintaining ergonomic head position for all ages of ppl."
43,Priyam C.,22 June 2020,"This monitor is the best under 10K segment. Picture Quality is superb. On screen control is very useful, you can tweak whatever you want. Color quality and Viewing angles are immersive. Without even a single doubt you can go for it. Color is well calibrated and you will enjoy.10/10"
44,Rabeender ,25 July 2020,"Bought this monitor 10 days back. Working good till now. The picture quality is decent. There is a bit of back light bleeding, but very less. I guess its a normal phenomena for LCD monitors. If your unit has excessive back light bleeding consider replacing it.The only issue I see is the poor build quality. There are gaps at the bottom bezel, very delicate and overall fit and finish doesn't feel strong enough. This will eventually reduce the life of the product.Overall a decent monitor. If you have the money to spend, I would suggest to do more research and buy a monitor with a better build quality. Giving it 4 stars out of 5."
45,Sukanta Debnath,30 June 2021,"I received a cracked monitor first time. After unpacking I discovered monitor screen has a crack at the corner and it was not operating on powering on. I had to order for a replacement within 30 minutes of receiving it. Fortunately 2nd time they delivered a good one.After using it for 2 weeks below is my review -1. It has a decent and stylish look.2. It has 2 HDMI and 1 VGA port3. It doesn't have a remote, operating through its single control switch provided will require some practice for a novice4. Picture quality is decent, however could have been better. Full black is not available even after adjusting picture which was dissatisfying5. Inbuilt speaker is good for normal use, it is not so great. I was searching for a monitor with inbuilt speaker, it is perfectly suited for me, but don't expect a great quality sound from it.6. I am giving it a 3 star for my bad product delivery experience, otherwise it could have been a 4 star."
46,Mandar,31 July 2020,"The product is worth buying. It is really good in tearms of build quality and looks.Monitor comes pre color calibrated and due to ""Black Stabilizer"" like feature, people working 24/7 will not feel stress on eyes. (though you need to set brightness according to you). Monitor Stand is also Stylish, slim and sturdy with matte finish.  If compared with 22MQ68VQ i will still  recommend this monitor 22MK600M for buying as this is released after 22MQ68VQ and has nice Menu navigation.Cons :1. DVI port is absent. (But not all people need that. Its nice to have feature.)"
47,Jay,25 June 2021,Initial impressions:Pros:Display is amazing for the price. The monitor has been color calibrated and it shows. Video streaming feels amazing. Should be good for video editing and watching stuff.3 years onsite warranty is reassuring.the stand is CNCd aluminium and sturdy. 3 high quality screws to hold up the monitor.Cons:Build quality seems a little off but it just may be my unit. There are spaces between the front and back panel of the monitor but it is not alarming.There is a little gap on the right side between my display and the front plastic.I believe a little QC at LG would ensure that these things don't happen.Speakers are poor. A 10 year phone would have better speakers. But I didn't buy it for the speakers so it's ok.PS: I will be updating my review as I use it further.
48,Thegrimmhealer,29 May 2020,It's been almost a decade since I bought a monitor and am extremely happy I bought this one.The bezels are minimal and the matte is really effective.The monitor pops a little bit front from the stand and requires a little space at the back because the HDMI jack's pop out.
49,Kushagra Goyal,15 June 2020,This is a decent looking monitor. I purchased it for office work and suits well. Good part is installation and usage is quite easy. Fit and finish could be better as the bottom bezel has some gaps from screen. It supports HDMI (2 ports) and VGA which is a good thing as users may require support to both type of ports.I connected it with my android tv box (also connected to Bluetooth speakers for audio output) and worked absolutely fine. Overall a good product.
50,Jeevan prasad,9 November 2020,Pros:Sleek designPicture quality is goodLow power consumptionTable tap stand is sylish2 Hdmi portsCons:Bad viewing angleScreen bleeding issue (showing yellow shade in all edges)Black level is poorNo led notificationBad adapter cable qualityNo driver cd include only manual cd includedNo speakerNo eye saver option is available or low blue light option
51,Chandrashekar SK,3 June 2020,Great monitor the price.Using it as an extension monitor for the laptop. Full HD display with accurate colors.Plastic quality could have been better but given the price range this is absolutely fine.This has got anti reflection coating. I had a Dell monitor at work but this coating alone is sufficient for me to buy this as it reduces eye strain.
52,Gowtham,11 October 2021,"Bought this during Amazon prime day sale. Packaging was good. Stand installation was easy as directions were given. This monitor supports wall mount as well. Picture quality is good. It's a need for my Work from Home assistance. Thought of buying 27"" LG one but that will be too big for work. 22"" is good and suitable."
53,Tarun Yadav,3 February 2021,"My primary purpose while buying it was getting my eyes relieved of strain for a change, as I have to read a lot on tablet/phone.. And yes it does the job.. Although display quality can't be compared with amoled or retina display, but viewing big and from a distance soothes your eyes while reading for long.. it's narrow bezel as mentioned.. I use it with Chromecast hdmi tv stick for browsing on chrome and also by mirroring my phone/iPad.. so this combination seems to be an economical option for preparation guys also, instead of buying a desktop pc for browsing.. although Reading mode is present but I prefer to custom adjust the brightness and blue light.. only a very little/negligible cons is that after adjusting brightness to low and decreased blue light in colour adjust, on a white screen the left middle of screen sometimes feels more yellowish than other area, this phenomenon changes while changing viewing angles.. first I thought to replace it.. then in the other reviews I saw people mentioning IPS glow which is common with IPS panel, and replacement doesn't work etc.. so I thought to keep it.. as IPS is considered superior in terms of colour production from VA and TN panel... Blacks and Gamma is also adjustable but didn't required to adjust that settings.. I played many colour checking full hd videos on YouTube and yes the all seems to be playing excellent in low and high brightness both.. I saw many people have complained about made in china, and I too request Amazon and Lg-India to look after people's concern, let it be provided manufactured or assembled in India itself!!!"
54,Manik Shinde,8 October 2020,"The product packaging was so good. Super nice IPS panel resulting beautiful real colors and great viewing angles. Its mentioned on the production that the panel is capable to function on 75hz. But I can't find more 60hz RR..Nice monitor for casual gaming, watching movies, surfing internet and office stuff.. price lil bit higher but the quality will not let you down."
55,Noel,23 February 2021,"Good product from LG, perfect clarity, full HD, using os a desktop monitor + as Tv, sound quality and volume is loud enough. ""But refresh rate is only 60Hz & not 75Hz."
56,Aishwariya,6 July 2020,Makes wfh a lot easier! This is an amazing buy!
57,Vijay Singh,19 September 2020,i would like to thanks to amazon for lightning delivery with in one day. i am working in corporate industry. recently my monitor stopped working so temporarily was using LED TV in place of monitor and then i ordered it. trust me you will feel like value for money in this price range. Picture quality is awesome. only one drawback is speaker icon missing but it will be covered with the speaker output 3.5mm jack back side of the screen. so go for it.........
58,Manoj,11 January 2021,"The media could not be loaded.                   Best in class monitor, Blacks are adjustable,75 hrz Freesync with AMD.Colours are as good as you need, just as any cool smartphone, just adjust its brightness and contrast according to need, default modes are also good.Have a look.Beautiful.Amazing."
59,Shree Shiva,14 October 2020,Worth for the Money..Pros:1. Viewing angles are good.2. Picture quality is good.3. Light weight and thinCons (not a major):1. Headphone out is very hard to insert.2. No Low brightness (night mode)Chromecast also works fine...
60,Sanjeet Miranda,16 June 2021,"Using this monitor for past few days. The quality is good. I need to play around with the picture settings as its a bit sharper than I'd like. While it says bezel less screen, there is a black area around 3 sides and then the display starts. It could just be a setting issue, but I wasn't able to activate the stretch to screen option. This use the 5A plug. I'm using the amazonbasics monitor holder and it fits perfectly using thr VESA 75 size bolts."
61,Abhinav S.,27 July 2021,"I needed an external 1080p monitor for work as a software developer as the company provided laptop had a bad 14inch 768p display which was straining my eyes and also lot difficult to work with due to the lower resolution.I got this monitor for around 8.5k around 2 months ago and I can say that this was a great investment. My productivity has increased a lot in the office hours due the being able to see much more due higher res. than my laptop.Now the monitor itself is great, good build quality, good connectivity options and the best feature, software control. No monitor anywhere near this cost allows for mode change, brightness/contrast change or through a software. Now I do not need to navigate through the menus with a button. The software is called OnScreen Control and it is from LG, so it is safe to use.The colours on the monitor are sharp and vibrant and there is minimal IPS glow. I did not find a difference between 60Hz and 75Hz while gaming so it doesn't matter. The size of 21.5inch is perfect for sitting close to the monitor and still be able to use the entire screen without moving your neck too much.Overall a great monitor if you find at a good price, I say, look for a sale to get this around 9k."
62,Cyril Shaji,22 July 2020,"Super beautiful Full HD display for this price range (Rs8,700). Only issue right now is black screen flickering sometimes when heavy use of graphics card occurs like while gaming. I think this is an issue with my laptop hdmi port or maybe the fact that my laptop has an Nvidea graphics card and this is an AMD freesync monitor. So i would recommend u keep that in mind while purchasing."
63,Sarkar,12 October 2021,"After 18.5 inch using thing 22inch thinned bezel monitor, I don't do gaming rather multitasking is priority. Large enough for split image and videos, with dynamic color reproduction. The one in all joystick is useful, longebity expected. The base design saves a lot of space. Go for it. 4.5/5 Thank you"
64,Prieti Dasanidey,21 May 2021,"Bought this LG 22mk600m recently. Received it the next day of ordering, packaging wasn’t great as it was only wrapped in plastic. It was raining do I was worried about the monitor getting wet but only the corners of the box were damp. After unboxing, I found that the monitor was okay with just a mark of the screen caused due to the thermocol, it went away after I wiped it with a cloth. A CD was also given but just kept without a cover and HD scratches on it. This is the manual CD. I never got the software or driver CD making it impossible for me to change the resolution or refresh rate or access any other advanced settings of the monitor. No way of contacting seller so I have to live with it. That was the only disappointment. Otherwise the monitor is great, no glow no dead pixels or any thing else. Hooked it up to the ps3 and fire stick along with an external speaker. Had to download the software driver from LG for my MacBook and had to order an HdMi to thunderbolt converter as my MacBook does not have an hdmi port. Anyone using a windows please be sure to check the CD you receive with this monitor as I could not fine the software driver online anywhere for windows."
65,Ritwik,6 November 2020,"Awesome picture quality. There are different presets available like Game Mode, Picture Mode, Cinema, Reading, etc.Also it's a 75Hz monitor. But when connected to laptop and used as extended display, it drops to laptop refresh rate (for me it's 60Hz).Has two HDMI, connected laptop in one and PS4 in the other. Works without any problem.And the joystick to navigate on screen controls is also great."
66,Bharathinandhan R,10 October 2021,"1) There is only tilt adjustment,  that too very minimal.2) The quality of the stand is very poor. Am  not sure whether this came with the monitor or not.3) Since the seller didn't mention there is no height adjustment,  I can't able to return this product.4) Wall hanger facility is there but, materials are not provided.5) The monitor holder is pretty shaky. Basically the entire monitor shakes when small vibration occurs.6) The monitor has only 60 Hz configuration and not 75 Hz."
67,Rishabh,3 December 2020,"I had a budget of 7500 so I went for this one and got it for 6800 with amazon offers and found it very much worth it as the screen is amazing for WFH as well as light gaming. No issues whatsoever after month of use.PS : Screen can be tilted just need to give in some power without thinking much, initially one feels that it will break but it can be tilted easily with little push."
68,PRAKASH MIDYA,20 January 2021,I am using from last 2 days. Its superb. Picture quality is best with 2x5w speaker sound. Look more stylish. I have brought Rs- 9500 with amazon sbi credit card offer.I have used acer before but LG picture & sound both are better than Acer.
69,NotRickSanchez,19 July 2020,"Purchased the monitor in Jul 2020 at ~8.7 k - was delivered within 4 days - color quality was good after minimal adjustments - light bleeding was a serious problem - requested for a return, but Amazon had increased the price and then it went out of stock - prices of other monitors have also increased on Amazon (as on 19 Jul 2020)"
70,Karthik Sistla,2 July 2020,"Although the product is  bit higher in price !! I am ok to pay that. The picture quality is good, and does the job well .. in case anyone is WFH like I am due to lockdown .. and for more than 10 hours this is a bliss... your spreadsheets are crystal clear and u have an endge on efficiency ... if you are ok with price !! I recommend this product!!"
71,Priyadarshini K.,30 July 2020,"There is no option adjust brightness, only power button is available. Screen quality is not good, looks like every word is blown by the wind. Very disappointed with purchase. Unable to return now as window is closed. Could not check screen quality as the combo Keyboard received with it had missing parts and had to return it. Very poor packaging of the Keyboard. This monitor is not worth this price."
72,Nisarg Chaudhari ,23 August 2020,"I dont know how to articulate this but whenever i scroll an article, i can see a trail of words which feels disturbing to eyes. Same thing happens when there is movement of high contrast images on screen. ok for watching movies."
73,Abhishek Kaushik,3 August 2021,I have been using this product since more than a month. Bought it for my kid for his online classes. Sound can be little difficult to make out at times but running classes at louder volume seems to do the trick. Don't buy if you are looking for a greatest sound quality. If you can make peace with its medium quality speakers it's not a bad bet to go for.
74,SHAFIQUE,27 October 2020,Do NOT buy if are programmer.  Texts are highly pixelated. Screen is too bright for eyes at its lowest brightness setting.Its good for media consumption. Full HD videos looks like OLED experience.
75,Subhadeep Chowdhury,14 May 2021,The media could not be loaded.                   Monitor is very good. I have bought it for my work purpose. just remember to fix the color issue if you are using vga and hdmi inputs for duap monitors.
76,Mohit Nayak,15 October 2021,"Absolutely amazing. Not a gaming person but for office use like sorting PDFs and docs feel amazing. 27"" screen is bigger enough to open side by side docs. Little it over price. Look wise no doubt white back nd bezzeless screen gives a vibe to enjoy work."
77,Toshi,1 August 2021,"Go for it, it's an overall winner.Good screen, though I think 1080p for 24"" monitor is a bit less.I use it for my over 12 hr office use daily.Pro- consitent, good color, slight tilt, sturdy stand, good gaming and working monitor and good speakers.Con- the lowest brightness is also a bit high for me, no blue eye reduction, no eye care."
78,jatinder kumar,15 January 2021,Its no 75 hz wrong model name
79,rahul,13 May 2021,"i brought this monitor for pairing with an old laptop, and it functions smoothly. The screen size and display are good and provides a good feel to the desk with its sleek design. The sound output is ok for meeting in a closed environment, however not enough for a good experience o f movies or music. works well for work from home and online classes.the delivery was smooth and was nicely packaged without any defect"
80,Anish,24 June 2021,"A good monitor to use as an extended desktop. Picture quality is fine, split screen is additional benefit.Speaker is just an ordinary one,  need to improve a lot.Badly missing sidewise tilt."
81,Chetan Bhalotia,12 September 2021,I bought this monitor in 7500 and I've nothing to complaint about. From picture quality to product quantity everything is best in this price.
82,Kals..,29 September 2021,Works very well. The screen split function is very good (needs to install free app from LG site). Could not get full width display on my old PC but on my newer laptop it gives full width.  Go for it!
83,Arpit,3 November 2020,I don't know much about Technicalities. i kmow it's IPS panel. worth of money but I loved it great picture quality is far far better then my hp laptop.For my online shop i purchase it. You won't regret for a single rupees. go for it if your budget allowed you to buy this
84,ram,20 June 2021,The brightness is very harshYou can reduce it to only to certain levelYou cannot watch it for long durations while.... typing ....net surfing. ...While watching movies ...the video quality is very good
85,Riju Jacob,26 August 2020,As a product it is good. I was looking for monitor with adjustable height. This product will not allow to do that. So I returns the same and bought a dell one. Thanks amazon for allowing me to return this product
86,Mansoorali Kudsi,4 June 2020,"After connecting this monitor to my lenovo X1 carbon, the laptop has lost its audio. Even after disconnecting the monitor from the laptop, the sound does not work. It works sometimes after rebooting the laptop, but again loses it after some time. I disabled the monitor speaker from sound settings so that I only have the laptop speaker.But that did not help. My laptop no longer playes audio from its own speaker and that is very frustrating :-((("
87,Amazon Customer,24 January 2021,"if you are buying this monitor, you are quite possibly upgrading from a TN panel, compared to that the picture quality is on an another level, but there are better options for picture quality, like the mp68vq which has a native 8 bit panel, while this has a 6 bit+frc, but this has an out of box refresh rate of 75hz, while the mp68vq needs to be overclocked to reach that level, the color temps were quite warm for my taste, but they can be changed from the settings, mine has slight issue that the cap on my stand doesn't fit properly, but that's jus me being nitpicky"
88,ctriz,4 August 2021,The stand is very poorly designed and is made of plastic. one fine day it gave up and the entire montor collapsed on the table. Pls be careful and better invest on a quality desktop/wall stand. Monitor performance is good.
89,Tushar,5 March 2021,"Design is very elegant, slim bezels, modern.Display quality is as good as it can get for an IPS 1080p. Nice colors, contrast. There's slight IPS glow, which is expected. Not backlight bleed in my unit, which is awesome.Stand could be better, a little wobbly, and more adjustments would be welcome for this expensive monitor."
90,Sai,22 October 2020,"Arrived two days early in a neat package and amazon delivery is great and I see a good amount of light brightness in top of the screen. apart from this con, i did find this product a good, cheap and value for money."
91,Nag,12 June 2021,I brought this after lots of research. It worked well and fit all my requirements. Could have been better if it's comes with default VGA cable..but it was alright since most of new laptops now comes with HDMI. I got my custom setup and screen setting options are also good. Works well with office laptop and personal..and also good for gaming and watching peacefully movie. I give 5 stars 🌟.
92,Nishant K,8 October 2021,Perfect for WHF purpose. Has all settings for picture control. Joystick control for all settings is easy to use.No height and tilt adjustment though.A keeper for sure.
93,🅰🅻🅴🆇,5 February 2021,"I bought this monitor for my Mac.But it has weird flickering effects which runs horizontally.I don't know if mine is defective, or it's just the feature.However I don't like it."
94,Kiran,28 June 2020,Status does my necessity. One thing I am not liking in it is the space between the bottom Belem and the screen
95,SumanTechTalk,30 August 2021,"The media could not be loaded.                   It’s an awesome monitor, has good speakers and has 2 HDMI ports one I am using for my laptop and another for fire stick it is working super !!"
96,praveenKumar,25 April 2021,It's awesome.Bought it in 2019.Still no issues at all.Best display.No inbuilt speakers.Only issue is it has a shiny plastic body. It is getting scratches very easily.
97,Ankur Anand,14 May 2021,"Useful for WFH setup. Small text does not come up as sharp as 14 inch laptop, but that's expected from 24 inch screen with 1080p resolution.Comes with 2 HDMI inputs which is helpful for laptop + PS4 connectivity."
98,Amazon Customer,9 January 2021,this is the best monitor i got at this price range. its full hd and doesn't heat at all. power adapter is way handy and works flawless on all types of videos and viewing purpose. Its IPS bezel less panel so no issue of any viewing angles. Works well on gaming also.
99,SGK,30 January 2021,Features are as described but there is one major problem - the lighter colors such as blue and green are not rendered smoothly. It appears to be like vertical lines drawn close to each other (hard to capture on camera). This IS a problem with the panel. There has been a review on LG official website stating this issue as well. Amazon is NOT accepting returns although I'm a prime member and asked me to go to LG service center. BUY AT YOUR OWN RISK!
100,Amazoncustomer,11 July 2020,I have been using it for last 2 months. Working as expected. I do not see any issues. Reading mode is good for longtime working.
101,Archit Garg,18 January 2021,Best display
102,Shaunak Mishra,5 June 2021,The media could not be loaded.                   Amazing display loved it better than my old acer vg240y 75 hz monitor. I think Colours are slightly contrasty. Thank you amazon you delivered the order in time and without any damage. No dead pixel. If you are looking for a monitor under 10000 or around 9000 just blindly buy it. It gives you the perfect 75 hz you have to do it in advanced display setting.
103,Aditya Roy,12 August 2021,"Beautiful screen, display quality is amazing.  Great for budget gaming, gamers with high end graphics card delivering high refresh rates would need screen with higher refresh rate. Max audio delivers decent quality sound. Overall it's great for everyday computing, casual gaming and amazing for entertainment purpose."
104,Max Charles,29 October 2020,I particularly bought this monitor for ps4 gaming. I usually play warzone on PlayStation but it's really hard to see enemies on TV so I bought this one to improve my gameplay. if you are looking to buy PlayStation 4 monitor go for this one.
105,Al,27 May 2020,"Come with base, screws, power adapter. Easy to assemble. lightweight, multiple modes of screen. It has small joystick like button at the bottom to change settings.Product is Made in China except that I am satisfied with purchase."
106,Vijay Gaikwad,28 August 2021,I have purchased this monitor after reviewing on YouTube of negative .. I also felt that I was wrong ...but things total opposite ... Monitor is awesome I am developing and brother is photoshoot editor ... Both are using it. We are loving it
107,Saitel Corp,9 September 2021,2 HDMI ports were a big deciding factor for me. I have my laptop connected through 1 HDMI and my PS4 connected through the other. I use it all throughout the day for work and gaming. The screen is wide enough to game on but not too big to strain your eyes. The screen has a matte finish so there is no glare. Good monitor for a decent price.
108,Tuhin S.,31 October 2020,"(Posting after using a 3 days.) All went well. Got it with Rs. 7.5K in Sale. Picture quality is nice, no screen bleeding, best budget IPS monitor softwares like Adobe premiere pro, color reproduction is nice."
109,mohammed yunus,13 March 2021,"The customer service sucks, I've called and complained 4 times to date, No resolution.Buy the monitor at your own risk. If it works fine, great. If it doesn't work you are screwed because there's zero customer support."
110,Hitesh Makwana,25 January 2021,Best of volume qualityResolution awsmm..Superb🤩
111,Saikiran sanju,14 April 2021,"Everything's fine but the display brightness does not get too low. My eyes strain while using it at night. Other than that, everything's fine. And also it's better if they have included an led indicator to show whether it's on or off. And also it's better if it has a movable stand."
112,Sargam Sharma,27 May 2021,The media could not be loaded.                   Great picture quality...!! One of the best in this price range. I suggest you go for it if you're looking for a good IPS Screen for media consumption as well as work. I think even 24 inch would have been great. I got the 22 inch one but it's great too.
113,Yoyo,15 May 2020,Nice picture quality .....set top box to tv connect (hdmi port only) on my monitor .....
114,Amit Chaphekar,6 July 2020,Got the defective product 2 times. Very bad experience with amazon.
115,SANTOSH PRAJAPATI,6 August 2021,"Decent look for narrow bazzle. good stand c type. good picture quality, can be used for gaming purpose. brightness is average"
116,Sadik M.,12 March 2021,"Very good monitor in this price range.Got it  around 7k, picture quality issuperb, ,refresh rate is also awesome,  yo u can set to 75 ghz, light weight, with 2 HDMI PORT, you can watch DTH TV as well,With LG s assurance and quality. What else you want, go for it."
117,MD Sohail Imran,31 August 2021,"Picture quality extremely nice and response time is snappy.It great for both gaming and editing.The only drawback I found was the speakers,they have very little bass and high treble.With that being said,It's a bang for the buck at the price range it is being sold,go for it."
118,Shashi Yadav ,5 March 2021,"Great for coding and regular uses, great color accuracy and reader mode works greatly, total worth it. The speakers are loud and clear, not to good for music but great for movies and youtube."
119,Parvez,29 April 2021,"Second LG monitor, the 1st one (ev22) lasted 9 years. Satisfied with the purchase.However the HDMI portal could have be placed better, not a deal breaker though."
120,Arjun U.,29 March 2021,Worth for 11K. Screen Quality is the advantage. Full HD Videos works fine in this screen but while playing 4K videos it will get stuck for a second.Quality of Speaker are not upto mark but you can connect external speaker for getting audio.
121,swastik,15 May 2021,"Great purchase, till now no defects and no problems the picture quality is good and seamlessly can opt from hdmi1 to hdmi2 and even to vga on one click button"
122,Nalin,7 August 2020,Reader mode is comfortable. I enjoy reading the ebooks of competitive examination.
123,Sandeep,15 November 2020,"Lg is known for picture  quality displays, its the best in price the description and the product works as it is no cheating."
124,Mirza Sarfraz Hussain,11 August 2021,"Overall display and speaker quality are just fine, bottom bezel is unevenly fixed and of very cheap quality which flexes when pressed and main stand is not symmetrical. Very bad product design"
125,User,8 November 2020,Audio port not working properlyGood picture qualityDecent viewing angleSmall bezels but theirs no display till the edgeDecent for the price paid
126,Suddhasattwa Mahato,11 November 2020,"The media could not be loaded.                   Gap between frame and panel three side top , left, and right, manufacturers don't fix it using glu.Replaced this."
127,G S.,1 June 2021,The item arrived at the right time as promised by the seller in perfectly packaged condition. The product is very good and in line with the sellers discription.
128,Vijay,4 March 2021,Purchased 1 year ago. Still Running Good. I am using other model of LG monitor  since 8 years. No issue. Still Running.
129,Kuldeep,15 September 2021,The media could not be loaded.                   Very good monitor .I am using for office purpose . Display is good .No eye strain.
130,Raja Edward,2 July 2021,Nice image quality..the best thing is it does not topple ...sound is okay...
131,Harsha kalluri,21 September 2021,"It misses a lot of things, its best for AMD processor! nothing special..you get 1 HDMI port and 1 VGI port"
132,Ajith V S,16 October 2021,The product is good.Build quality is very cheap. Handle carefully.
133,Haramani,6 March 2021,Pros-great pic quality-great viewing angle 178/matte display-75hz-1ms-actually this has some great speakers.Con- backlight bleeding..You can ignore it.
134,Vinay Kumar,19 August 2021,"The media could not be loaded.                   Note: as mentioned it has 2 HDMI ports and 1 VGMA port. As mentioned you do get a HDMI cable but not VGMA cable. So if your laptop or desktop doesn't support HDMI, you will have to buy it on your own."
135,faisal varkiya,31 August 2021,The only monitor with good speakers which is space saving and also good to have for a quick movie session and for the picture quality well it's a LG enough said
136,Abhishek Kumar,10 April 2021,Don't buy this if you are a programmer. Around the text is slightly blurry. Text's are not sharp.Pretty good for watching videos but definitely not for coding purpose.
137,Arvind,15 March 2021,"Brought this product after a replacement of same, the first product came with screen bleeding issue.. but after replacement it was good and no issues were found. Thank you amazon for the fastest seller support..."
138,Anshuman Rath,3 October 2020,"If You wish to purchase monitor in a medium range budget, I would suggest to buy this because of its picture quality and cleanliness. Its very good for rough use as well."
139,sandip,2 June 2021,"Very good quality. The night mode is very useful, it drastically avoids harmful radiation."
140,Faizan Khan,24 July 2020,Great monitor under 9-10k
141,NJ,5 August 2020,"Perfect size for a 1080p monitor, great for gaming and programming. Matt display helps cut down glares from indoor led lights."
142,vijay krishna,13 July 2021,Good and fits the regular workOk for gaming i play very limited
143,Power VAVAA,6 March 2021,Giving review after using six months. Picture quality is amazing. No problem at all. In this price range this is the best monitor.
144,Dinkar Patar Munda,23 November 2020,Wasatge of money...plz dont buy this product...image and text quality is very poor. And returning policy of Amazon  is not fair.... Although performance of this product is not satisfactory  even then Amazon  is not taking back. Worst service Amazon.  This site making full.
145,Eklavya Bahl,18 July 2020,"After an extensive research around budget monitors, i purchased this machine. Its flawless. the colors are vibrant. Go for it. Also, this is the updated version of 22MP68VQ. Better and cheaper than the previous model."
146,Anonymous,10 May 2021,I have been using this monitor for day to day office usage for ~2months now. Very satisfied with product
147,shubham bansal,8 October 2020,"i am a developer plus i play games on ps4. This is the best monitor and worth the money.It has read,cinema,Game mode which has very good configuration. Supports both Vga and HDMI, it also has an Audio output"
148,malaya,31 May 2021,"The Tv do not have speaker inside and when I want to return the same, it was not entertain. The product is laying with me with no use."
149,SUVA DEBNATH,29 May 2021,The media could not be loaded.                   its good easy to set colour r real easy to change in every input connection two HDMI and one CPU connection
150,Ashwini Shinde,27 January 2021,"It's been one month now  I am using this monitor for coding, gaming watching movies. It's really awesome under 9k rupee. graphics and picture quality is very good  quite brilliant. If anyone want to purchase, it can purchase.Thanks for reading."
151,GUDISE JAGADEESWARA RAO,7 September 2021,"Resolution is good for build quality better to go for dell . Build quality is very week, purchased 2 weeks back , I just lifted it to shift the screen - just for that only screen damaged"
152,PJ,13 June 2021,Looks Beautiful and deliver best possible performances.
153,Pranay D.,8 August 2021,Good product with good picture quality and good quality of sound. Reader option is very good for work.
154,kranthi swaroop,22 September 2021,"When you see the images provided for this item, most of the option not available in this model like screen split etc..So please go through detailed description of the product before buying"
155,Amazon Customer,5 September 2021,This LG monitor worked out nicely....plugs and connecting wires were as required....easy to work
156,Ganesh,11 November 2020,"Pure scam to boost the cost and pretending as if it's a good deal, bought this for 7500 during Amazon Festival deals but the actual cost of the monitor is not more than 7000"
157,Vibha,4 August 2021,Superb quality and the speakers are also very impressive. I highly recommend this!
158,Subhankar Das,15 May 2020,Better Picture quality
159,Jackson Joseph,18 August 2021,Good Product but this display does not have 75Hz refresh rate.I am just getting 60Hz
160,varaprasad,23 May 2021,Iam giving after using 20 days of review its very nice product. I purchased for useing for photography purpose brightness and contrast is very good i like it.
161,Ashok,15 July 2020,Excellent 1080p IPS panel for the price ... looks pretty too
162,Mahendra Pratap,20 March 2021,White balance is doesn't ok . No backlight control. Always warm color display. Gama correction is not ok. I say doesn't buy lg monitor.
163,Gissa A.,6 May 2021,"The display is nice. I have paired it up with a mac pro so obviously cannot compare both, but still a good bang for the buck product."
164,Animesh Srivastava,22 July 2021,"Picture quality is decent enough, certainly not top notch, but it works quite well for the budget. If you have some more money to spare, go for Dell P2419H"
165,Bikash Ghorai,22 August 2020,Nice picture quality. It has all types of connector that support all new kind of processor motherboard and graphics cards.
166,Punofgod,1 August 2021,Best monitor colour accurate and good looking
167,Venkatesh A,23 March 2021,Decent monitor for normal working activities. Good buy if you are working from home. Not sure about photo or video editing.
168,Bhanu Chaudhary,4 August 2020,Product is very good quality and as per the specification product is very good and i used last 12 days its working fine and i am happy to product .
169,deepak,15 June 2020,The media could not be loaded.                   Screen  is fluctuating just after 5 days of purchase
170,Gourav saxena,6 May 2021,Good product..found in nice condition no problem at all. Gaming good.. picture quality the best...75hz doing very well..must buy if you are looking for budget monitor... amazing..
171,Neemesh Chaudhari,29 April 2021,Excellent quality
172,ROHIT,4 August 2021,Good Quality
173,Shaikh Manik,22 February 2021,Worst product  ever purchased in entire life...... Wast of money company didn't replace it also repair and give it to customers... Can't servive for 1 week also........
174,ashish patel,3 April 2021,Hello at this price product is amazingI am developer and i need to work on pc full day so its good foe that also sound quality ia also best BEST AMAZING PRODUCT ...
175,PARTHIPAN,21 June 2021,thank you amazon I love the monitor the 22-inch model is superb and I think 24 will be immersive than if 22 is already immersive
176,SABIRHUSHEN MOMIN,27 September 2020,must buy in this price tag. Trusted LG brand
177,Anurag Verma,2 April 2021,Bought it for 10.2k best monitor in this price range
178,Vj,15 November 2020,Don't get this. Colors are fine but images are pixelated. A complete waste of money. 1 star because it works.Looks more like a canvas board than a monitor.
179,Kris,2 December 2020,Good product and sleek design
180,saikat adhikary,30 August 2020,Great display....got it 8200.... best in the market
181,Bipradeep Sen,30 May 2021,Very good moniter for entry level gaming...75hz refreshrate and ips panel really is a sweetsport for media consmption too overall vero good product from LG
182,Ayush Kumar Gupta,7 April 2021,I should buying this product but I am not use this because my other components  I just not brought that's I no give you any information about this product I give.
183,Chirag,31 May 2021,It is just a week since I bought this. Until now the performance is quite good. Will update this review after using this for a reasonable amount of time.
184,Ishan agrawal,29 July 2021,Amazing product by LG. Perfect for Work and entertainment. Minimum bezel and stylish stand gives an extra edge to the aesthetics of the monitor.
185,Rabin Banerjee,15 June 2020,This price range best product. Murch better than Dell ips 22 inch monitor. It's really 75 GHz refresh rateThanks LG
186,Vinay,24 December 2020,monitor quality is good but little disappointed with picture quality . should've purchase DELL instead if this.Nobody can beat DELL monitors .But will manage with it :))
187,Prahlad Kundu,6 July 2020,"This is a good monitor and I also use as a TV , picture quality is very good ."
188,WebVapour,20 January 2021,Best i got this price range good quality sound good features gonna kill itI am using this monitor last 10 days no problem I face in monitor
189,Sourabh Sharma,6 August 2020,Good one..
190,Logananth.B,11 June 2020,"Good monitor,excellent picture production quality, 100% recommended without any doubt, go for it"
191,Sheikh M.,29 July 2021,Very nice product at this cost. Picture quality perfect and best of our is this TV is smart
192,Manas,9 August 2021,The MRP is 13990 . They are totally fooling the customers.
193,Amazon Customer,19 October 2020,I got only in 6750rs this is best value for money product under 10k . Best pictures quality it work in 75HZ with amd v-card. This product is best then Samsung budget monitor
194,Pratyush Srivastava,30 August 2021,Good sound quality and picture quality. Does the job perfectly.
195,Franklin San Zaque,31 August 2021,"Display issue within 3 days, not satisfied with the product and poor display quality. Don’t buy."
196,Jeel Patel,25 April 2021,Amazing screen.
197,Amazon Customer,12 September 2021,Best product in this price range. If you are looking to buy monitor fir office work or gaming this should be your pick.
198,Subhajit DAs,23 September 2021,
199,Ajay Lunawat,1 March 2021,Excellent product...
200,samarpreet,23 March 2021,Best monitor for this budget
201,Sameer H Kulkarni,13 November 2020,This has an issue with black light bleeding which I bought twice even though I had a same issue so got it return but I feel it's not good choice.
202,Amazon Customer,20 March 2021,Stand design is beautiful rather than stable. Stability part of design need more concentration.
203,MANNA,3 November 2020,Its a really good monitor.. Build quality is also good. Colour reproduction is also good. Video playback quality is awesome
204,Hariharan ,13 June 2021,Good Monitor for people working from home but one drawback no hight adjustment
205,Showkat,9 May 2021,"I got a defeacted piece, broken from the side"
206,Bhavya,2 September 2021,Does the job with beautiful display
207,Nikhilraj,14 August 2020,"Solid monitor. Wouldn't recommend it for gaming although, get a proper gaming monitor if you need gaming like qualities. A very good product."
208,Akshay Kumar,18 July 2020,Really good picture quality
209,Ankit Garg,12 July 2020,The product stopped working after 12 days.. i need amazon to help and support return..
210,Anilkumar patel,25 June 2021,Great picture quality for a decent price
211,Arka Singha Roy,27 June 2021,Colours are good but the brightness is Low for my taste
212,Sayanth ns,24 April 2021,"Best monitor for developers and designers. Value for money, no need of expensive laptops , no eye strain"
213,ashutosh kumar singh,15 September 2021,
214,Vipinlal J,15 February 2021,Really good quality panel. Freesync and 75hz. Very good picture quality.
215,Jinuhappy,19 November 2020,Huge monitorBest colour calibration u can see in both the display.......I''m very much satisfied 👍👍👍👍👍
216,Harsh,8 July 2020,It's a superb monitor for gaming and editing 😘Value for money
217,gaurav kandpal,4 September 2020,Not tested for gaming but the picture quality is pretty good...
218,9650511433,17 June 2021,"Speakers , VGA CABLE IS NOT AVAILABLE"
219,Rohit Roy,15 October 2021,
220,Saurav Rajput,7 August 2020,The quality is very good and  a very good choice in this price range
221,arya naik,13 March 2021,Next level Gaming
222,Ganesh Giram,4 September 2021,
223,heera,23 July 2021,Nice one
224,ATHARVA,11 July 2020,Very good product
225,Debjit Chakrabarti,20 October 2020,Nice product Value for money. Gaming ips 75hz monitor
226,Abhijeet,1 July 2021,A perfect monitor for WFH. Great picture quality and value for money.
227,dipali sorathiya,18 March 2021,"lg monitor is very nice, money you have given it worth it.product packing is amazing."
228,Chinthala Karthik,13 March 2021,Very satisfied with pc monitor 🙂 if you want to buy this. Perfect quality give a 5 star. ❤️🙂
229,Jayanthi,3 March 2021,Quality good but eyes will strain in just a minVery danger reduce full brightness
230,Zuber Malek,26 September 2021,Delivered what is being displayed. Loved It.
231,AJAY,15 November 2020,There is bleeding at the top edge of monitor for full blacks .Otherwise it’s great deal in this price
232,syedriyaz,31 October 2020,Best Monitor You Can Buy
233,Ashutosh Kesarwani,26 March 2021,The media could not be loaded.                   Good quality & Good Looking
234,sujay p.,9 May 2021,Best in class sound was really good thoughDidn't expected that
235,Yogi reddy,15 June 2020,It's good product ..I got only one thing is negative on it that is its only fixble for stand not rotating facility up and down...
236,DP,4 June 2020,Display quality is really nice and the colors are all really vibrant. It supports freesync and 75Hz refresh rate.
237,Ritu Abrol,31 August 2020,I bought it for my son and its d best gaming monitor with best price.
238,ASHUTOSH KUMAR,9 September 2021,Nice product
239,Amazon Customer,17 September 2021,Size is very good. Very compact and enough big.
240,Sandeep,30 July 2020,Great product
241,Saurabh B.,18 March 2021,I like this product.
242,Anis Golandaj,2 November 2020,Excellent ColorsBest  For Photo Editing & Video EditingGo For It Without Any DoutAmazing Price
243,Raja,1 March 2021,"It serves my purpose, and it is a good product."
244,Amazon Customer,16 November 2020,I didn't get how to tilt the monitor.using from last 8 days.it was mentioned that we can tilt it.but i can't.
245,Gowrasu,30 June 2021,"Stylish look, picture quality and built-in speakers are super"
246,Akash Nigam,31 August 2020,It's a well balanced budget gaming monitor.  The only issue is sometimes it can be too bright.
247,Shruti J,16 August 2021,
248,Hariprasath,15 October 2020,"Super budget monitor under 10k,brightness too good . I luv the picture quality.awesome product from LG."
249,Muhammad Kaif Ismaily,27 June 2021,Everything is fine unless the fixed position.. We cant tilt it..
250,Shailesh Kosambia,26 February 2021,Amazing monitor and very good picture quality and sound. Full value for money
251,Krishna M.,9 January 2021,"Everything Is alright, Package is Perfect, No Damage Or Anything,"
252,S Suman,5 July 2021,Nice product
253,Sivakumar Jayasankaran,1 July 2021,Good product. Recommend to others.
254,Praful,12 August 2020,"Value for money product. 21.5"" screen is good enough for software developers."
255,Rajesh,2 March 2021,picture quality awesome 😍😍 I love it LGSounds good
256,suman,23 November 2020,Very good product at a reasonable price. I bought it for 6300 rs only. I think it is value for money .
257,Akshay Aithal,3 June 2020,All good. Decent Product. Made in China though
258,Surendra,24 July 2021,Black vertical line appeared with in less than a month.
259,Harsh Patel,11 May 2021,"Average Build Quality, Please check other Monitor for Build Quality....."
260,Naveen singh,4 December 2020,Sercrch monitor Bat portrait
261,Joydeb,24 March 2021,Good.
262,JAMAL ZAINUDDIN,21 July 2021,With sound system it acts like a mini home theatre.
263,Arul,12 April 2021,Really good
264,Zahid Patwa,5 September 2021,Monitor is good but LG split software not working.
265,Amazon Customer,10 December 2020,becomes shadow in right side of any dark thing.. waiting for company for getting it repaired
266,Amazon Customer,30 April 2021,Good Product
267,Gaurav Kumar,22 August 2021,Liked the product. HDMI support and slim built monitor.
268,Himanshu Patel,29 July 2020,Picture quality is very good
269,Huashwin Scivanathan B,19 August 2021,Speaker Output delivery should still be Better
270,Vasu,23 October 2020,Really bood monitor for low budget people  .sharp colours and super bright
271,Bujji venkatesh Balasadi,9 October 2021,"Excellent product,but VGA cable missing."
272,sridhar,11 November 2020,"Best Budget Monitor, Nice look..."
273,rahul,24 May 2021,Both picture and sound output are good
274,Abhishek,25 March 2021,Video quality full HDHdmi supportSpeakers are good
275,Amazon Customer,12 June 2020,Good
276,Saurabh Kohli,14 March 2021,Mate finish means no scratch
277,Saptarshi mukherjee,8 July 2021,Good purchase in this price.
278,khokan,7 September 2021,good product
279,kishu kumar,25 October 2020,Monitor means LG nothing like LG......  Awesome Product.....
280,kishor singh,31 October 2020,This is one of the best product at this price. Think you Amazon
281,Vishwesh,1 October 2021,Amazing product for home usage.
282,Rajkumar verma,14 July 2020,Best budget pc monitor
283,Amey Narkhede,23 August 2020,picture quality and looks are  excellent
284,rasudeen,27 April 2021,Best lg monitor
285,RJ,31 August 2021,Product is fine to use
286,ANKIT MATHUR,23 August 2021,Its a perfect package
287,Monish Gaikwad,25 August 2020,After using 3 month monitor is awesome value for money
288,Siddharth K.,1 December 2020,Great performance!
289,Manu,22 August 2020,Good one for regular use
290,Amazon Customer,21 October 2021,Good
291,Suman Bhattacharjee,6 April 2021,This is the best product in this price range 👍
292,BHAIRAVNATH HITECH AGRO PVT LTD,13 October 2021,I LIKE THIS PRODUCT
293,Amazon Customer,12 June 2020,This monitor is great for budget gamers. The display looks great colors are accurate .
294,Customer,22 November 2020,True Colors
295,Sohel,25 March 2021,This is value for money Monitor
296,sun computer,30 September 2021,Best Led For Graphics Work
297,Sourabh pratap,8 April 2021,Good👍
298,ONKAR ANTAD,10 February 2021,Its showing lines on monitor
299,Mohik Dhakate,13 October 2020,justifies its price!!
